,precision,recall,f1-score,support
non_interaction,0.8461538461538461,0.7857142857142857,0.8148148148148148,14.0
interaction,0.8235294117647058,0.875,0.8484848484848485,16.0
accuracy,0.8333333333333334,0.8333333333333334,0.8333333333333334,0.8333333333333334
macro avg,0.8348416289592759,0.8303571428571428,0.8316498316498316,30.0
weighted avg,0.8340874811463047,0.8333333333333334,0.8327721661054994,30.0
