accuracy,precision,recall,f1,auc,n_test,positive_true_count,positive_pred_count
0.8333333333333334,0.8235294117647058,0.875,0.8484848484848485,0.8258928571428572,30,16,17
